Q-E,PH-E,DBO-E,DQO-E,SS-E,PH-S,DBO-S,DQO-S,SS-S,BOD_removal
40980.3,8.12,179.5,360.6,176.8,7.6,17.1,56.3,12.2,90.47
37170.4,7.98,211.3,446.7,218.4,7.67,20.9,58.7,15.0,90.13
41886.1,7.72,172.5,372.3,220.9,7.64,21.5,68.5,22.3,87.53
47138.2,7.51,201.5,481.4,243.6,7.55,28.1,91.4,34.2,86.07
36595.1,7.91,106.4,240.0,151.7,7.7,3.5,23.2,3.6,96.67
36595.2,7.82,232.8,481.1,249.6,7.58,28.9,87.2,28.0,87.59
47475.3,7.97,220.1,494.9,84.8,7.61,22.3,83.3,7.6,89.86
42604.6,7.89,171.0,349.7,188.5,7.57,14.7,55.4,11.0,91.41
35183.2,8.01,259.6,599.1,195.6,7.65,28.7,102.7,16.3,88.92
41255.4,7.54,276.3,594.7,251.7,7.51,38.1,120.0,27.6,86.2
35219.5,8.1,123.5,270.6,221.1,7.69,4.0,22.8,4.9,96.78
35205.6,7.76,174.2,406.4,149.7,7.57,9.1,41.6,7.0,94.79
39451.8,8.32,173.9,360.1,170.8,7.74,14.5,50.8,14.3,91.68
26520.3,7.49,163.6,337.1,229.9,7.44,6.8,32.3,4.4,95.81
27650.5,8.22,269.8,577.7,216.0,7.78,19.6,68.1,12.0,92.74
34626.3,7.76,208.4,480.1,191.0,7.58,17.3,68.1,14.3,91.7
31923.0,7.5,204.1,418.1,196.0,7.49,20.9,60.6,17.9,89.76
39885.5,7.55,99.8,191.2,254.8,7.46,4.4,15.4,7.9,95.63
32551.9,7.6,258.1,556.2,194.1,7.44,21.5,83.6,12.4,91.67
29526.2,7.83,145.6,328.5,215.6,7.69,5.3,28.5,5.2,96.35
46793.9,7.86,223.6,518.7,328.5,7.65,35.0,115.1,44.9,84.34
36645.3,7.53,236.6,509.7,148.8,7.39,23.8,67.4,9.7,89.96
38405.2,7.69,301.6,651.2,127.4,7.61,36.5,103.2,14.3,87.9
29451.5,8.34,141.5,327.6,259.2,7.82,9.5,38.0,10.3,93.25
34733.7,8.22,80.0,161.0,186.1,7.72,3.0,10.0,4.1,96.25
38665.5,7.83,231.0,499.3,204.1,7.71,28.3,87.9,20.2,87.73
31094.0,7.71,328.0,727.9,180.9,7.58,38.7,120.0,18.4,88.19
40254.2,7.74,294.3,660.8,207.0,7.47,40.1,117.3,22.2,86.39
34396.2,7.88,232.6,499.8,299.9,7.64,18.2,58.9,17.1,92.16
36249.8,7.39,190.5,419.8,260.1,7.49,16.7,59.8,19.7,91.25
34389.8,7.62,268.4,523.7,263.1,7.49,33.1,84.9,28.5,87.65
49113.7,7.2,161.6,344.9,149.2,7.45,15.4,50.3,12.3,90.46
37919.0,7.82,248.6,558.2,162.4,7.48,22.4,81.8,10.7,91.0
31653.7,7.89,250.3,526.1,80.0,7.69,12.9,49.9,3.3,94.86
42935.3,7.56,283.6,625.6,179.5,7.46,34.6,118.9,17.8,87.8
30674.9,8.17,385.6,865.5,267.8,7.63,37.2,120.0,19.2,90.35
39253.2,7.33,243.5,527.5,245.8,7.44,21.0,61.1,15.6,91.38
26242.0,7.26,189.5,420.0,208.9,7.46,8.5,36.4,4.0,95.51
30030.9,7.77,218.5,459.6,218.9,7.59,9.5,31.6,4.7,95.64
39181.2,8.01,113.9,248.1,185.6,7.6,7.0,27.2,8.1,93.81
42430.8,8.21,178.3,403.2,230.2,7.68,18.1,62.8,17.7,89.86
39028.2,7.56,195.4,433.0,258.3,7.44,25.5,74.9,26.9,86.93
37306.1,8.02,188.6,403.8,139.2,7.64,15.5,51.4,7.1,91.79
36193.4,7.69,229.1,509.2,235.0,7.63,25.1,74.7,25.5,89.07
29128.9,7.65,170.7,387.6,266.6,7.54,7.2,39.6,6.2,95.81
33680.9,7.97,287.3,573.1,199.2,7.7,24.2,75.0,16.0,91.57
35236.2,7.9,220.0,509.5,255.0,7.72,27.5,88.7,23.8,87.48
44342.7,7.23,219.4,475.4,360.7,7.38,33.5,93.5,46.9,84.74
40061.7,8.14,200.3,449.2,214.8,7.68,16.2,53.4,14.5,91.9
27421.8,8.11,229.3,531.9,239.7,7.84,14.5,55.1,8.8,93.69
39944.5,7.51,269.5,555.9,183.1,7.6,29.7,92.0,14.4,88.97
35689.5,7.82,168.0,357.6,229.1,7.48,12.1,42.9,14.2,92.78
33938.5,7.85,180.5,391.9,243.0,7.63,12.2,50.1,11.6,93.25
41670.1,7.78,201.8,428.1,229.7,7.58,23.6,71.5,22.0,88.3
44186.0,7.53,139.2,330.5,169.0,7.57,15.3,52.5,17.4,88.98
43587.7,7.5,170.8,361.2,230.3,7.45,22.2,57.6,26.1,87.02
32964.7,7.69,191.4,410.5,293.1,7.5,13.5,48.5,15.2,92.93
36144.7,8.05,272.5,605.0,242.4,7.62,31.3,98.2,22.0,88.51
39987.6,7.86,235.8,490.3,268.1,7.57,30.4,94.7,31.9,87.11
43853.3,7.59,231.6,500.4,208.1,7.58,31.0,93.9,20.3,86.6
35125.0,7.93,271.1,604.9,257.5,7.55,31.4,109.6,25.0,88.43
36886.0,6.85,211.8,458.8,234.0,7.26,17.1,62.1,13.9,91.92
31362.0,8.04,243.4,533.3,172.5,7.54,18.7,62.7,9.7,92.32
30822.8,7.18,213.8,459.1,235.9,7.47,20.6,66.1,19.4,90.37
42875.2,7.59,235.9,483.3,170.4,7.62,25.2,75.9,13.3,89.31
46137.4,7.36,185.0,413.0,188.4,7.44,22.1,66.5,19.5,88.05
37567.9,7.31,80.0,190.0,229.5,7.42,3.8,19.9,9.4,95.26
44021.2,8.05,211.9,466.7,234.9,7.7,21.9,70.3,17.8,89.67
40169.8,7.56,305.4,678.7,160.5,7.62,39.6,120.0,15.1,87.03
34129.3,7.8,275.6,625.3,272.7,7.62,29.1,84.5,21.4,89.44
40168.4,7.69,277.9,576.2,248.6,7.51,42.1,120.0,30.0,84.84
47228.2,7.84,294.2,697.3,184.8,7.49,46.6,120.0,26.4,84.17
37785.0,7.72,225.3,500.3,143.1,7.49,18.0,57.3,11.3,92.02
47387.9,7.32,231.8,547.9,212.8,7.45,38.5,120.0,28.0,83.38
22281.5,8.0,182.9,389.1,197.7,7.6,4.5,28.0,4.4,97.53
42931.4,7.55,201.0,478.8,225.7,7.53,22.5,84.5,17.5,88.83
38522.3,7.23,256.9,585.2,201.8,7.38,27.9,98.8,18.7,89.15
36206.0,7.57,292.2,659.1,119.6,7.45,24.4,103.7,8.6,91.65
38550.6,8.15,211.6,470.5,200.6,7.61,18.7,69.5,16.6,91.18
26074.6,7.96,193.0,419.8,204.7,7.75,4.5,30.1,3.6,97.65
36682.0,7.6,220.0,510.5,251.7,7.59,26.0,85.0,25.0,88.2
40142.7,7.6,256.1,567.0,185.1,7.65,29.2,100.8,13.6,88.6
46867.4,7.6,133.4,267.2,303.9,7.57,16.6,42.9,31.0,87.52
34890.4,8.32,82.2,171.7,124.4,7.72,3.5,15.4,3.3,95.73
33149.0,7.81,187.0,407.9,285.6,7.69,12.1,44.2,9.2,93.53
34989.5,7.83,146.8,327.4,208.8,7.6,3.7,18.4,4.3,97.48
43492.4,8.01,189.5,415.9,263.0,7.67,22.6,69.2,20.4,88.1
39972.5,7.77,211.1,490.2,224.0,7.58,20.0,63.2,12.4,90.53
34821.4,7.62,192.8,386.6,277.0,7.33,16.6,53.0,18.9,91.38
41079.6,7.64,307.1,680.1,200.6,7.65,45.9,120.0,27.9,85.06
38582.5,7.68,239.6,483.6,165.1,7.59,30.9,82.5,16.4,87.1
43811.9,7.69,238.0,541.7,291.0,7.58,36.3,119.5,38.9,84.76
33787.7,7.92,257.3,563.7,214.3,7.62,29.5,84.6,21.6,88.55
36034.0,7.72,151.7,340.0,231.1,7.58,6.4,35.9,4.1,95.76
35647.4,7.92,282.3,596.8,281.7,7.58,34.6,107.1,25.4,87.73
29218.9,7.68,215.5,501.6,168.4,7.6,13.0,48.6,7.1,93.95
39776.7,7.72,260.2,599.6,249.8,7.48,28.6,114.7,26.5,89.0
39566.3,7.1,155.7,351.6,190.5,7.39,15.2,52.7,17.2,90.25
38030.7,7.97,126.8,277.3,213.4,7.68,10.2,33.9,12.3,91.96
36592.5,7.8,269.1,607.6,223.6,7.58,29.3,88.9,21.0,89.13
29507.8,8.0,242.6,516.5,145.0,7.68,10.6,45.4,4.8,95.65
35476.1,6.83,165.9,379.1,181.1,7.23,9.7,39.7,5.1,94.16
35943.7,8.33,167.8,396.9,287.6,7.68,13.0,52.0,14.4,92.23
33186.3,7.66,287.5,663.3,264.3,7.56,31.3,101.2,19.4,89.1
37032.3,8.03,148.6,316.2,216.9,7.71,9.3,37.4,11.6,93.73
40424.3,7.39,318.6,712.3,232.2,7.34,45.7,120.0,28.8,85.65
49317.1,7.88,166.0,343.7,205.3,7.65,24.8,59.4,23.8,85.07
39047.5,7.38,258.3,583.1,287.8,7.43,32.5,103.3,29.5,87.44
39545.3,7.51,200.3,449.6,210.0,7.49,23.2,64.4,16.6,88.43
37553.3,8.27,256.2,515.7,231.6,7.64,28.0,85.2,20.7,89.06
26487.4,7.64,187.4,390.4,277.3,7.48,11.3,37.2,5.2,93.97
37840.9,7.77,210.2,456.6,181.1,7.65,10.3,45.3,5.7,95.12
38361.4,7.96,222.5,482.7,297.9,7.64,25.9,84.4,24.9,88.35
52779.5,7.85,159.9,332.4,143.5,7.58,23.6,62.2,19.2,85.24
36845.8,7.75,264.4,592.1,301.5,7.57,33.0,109.0,31.5,87.53
39809.3,7.81,189.2,421.0,201.4,7.63,15.9,55.5,11.6,91.62
37791.7,8.42,206.3,449.8,207.9,7.81,14.3,59.7,6.7,93.05
30987.9,7.68,160.3,340.6,125.5,7.55,6.7,31.3,2.7,95.8
44856.9,7.76,80.0,184.4,197.3,7.65,8.4,26.2,16.0,89.45
42511.6,8.02,208.5,493.3,168.0,7.72,19.5,74.6,9.6,90.64
42746.2,8.03,364.8,784.8,189.6,7.69,60.0,120.0,36.5,83.55
32543.7,8.06,267.1,571.2,213.1,7.67,26.4,78.8,19.5,90.13
46416.8,7.89,218.8,492.2,267.9,7.66,31.6,94.6,32.3,85.55
29588.9,7.36,204.2,442.0,230.4,7.48,12.8,49.5,8.9,93.71
41521.1,8.19,221.3,483.9,235.4,7.78,24.5,82.2,19.0,88.93
51142.7,7.36,252.8,574.9,165.2,7.52,41.9,114.6,24.1,83.43
32056.8,7.79,149.2,299.7,176.0,7.52,7.8,30.5,4.3,94.74
34602.2,7.47,286.9,668.9,309.9,7.42,36.0,118.8,33.0,87.47
38597.9,7.68,262.9,580.3,183.2,7.51,28.2,93.0,15.3,89.29
34979.1,7.8,263.1,568.0,302.8,7.66,29.1,100.6,24.7,88.92
28696.0,7.8,246.3,539.7,207.8,7.48,15.3,59.5,6.3,93.79
38411.4,7.83,221.2,485.8,220.1,7.63,19.5,67.4,10.3,91.18
31626.2,8.18,260.4,527.7,273.5,7.73,24.3,77.1,17.9,90.68
40841.6,7.84,255.5,600.3,283.6,7.68,32.5,108.7,29.4,87.29
32483.5,7.63,198.8,438.1,214.5,7.55,18.0,59.3,18.3,90.92
47299.6,7.99,185.6,416.5,200.6,7.55,22.3,74.3,21.6,87.97
33300.5,8.06,226.1,519.0,217.2,7.6,17.5,60.5,11.7,92.28
36067.6,7.33,312.9,656.5,236.9,7.37,35.6,104.7,19.0,88.62
42881.1,7.88,145.7,327.3,264.6,7.58,16.5,50.0,26.7,88.68
30614.8,7.91,131.9,286.8,220.2,7.61,7.0,32.8,4.2,94.66
39364.8,7.61,229.9,525.2,250.9,7.45,27.9,73.1,25.6,87.85
45842.9,8.11,223.1,443.3,301.9,7.79,30.9,84.7,36.8,86.13
28355.1,7.65,230.4,504.6,239.1,7.45,11.7,49.6,6.5,94.92
39107.8,7.74,234.6,502.1,235.6,7.67,28.1,75.5,23.6,88.04
39559.3,7.65,206.6,463.5,144.1,7.63,16.1,61.0,8.8,92.23
42690.9,7.7,309.4,695.2,88.5,7.62,39.0,120.0,11.5,87.39
30578.3,7.37,123.9,263.9,239.4,7.41,5.2,26.5,5.3,95.77
30077.3,7.27,170.3,362.5,215.3,7.45,8.8,29.3,8.0,94.83
41131.6,8.18,213.8,468.0,194.3,7.61,19.7,74.8,14.8,90.78
39781.9,7.45,121.4,256.2,232.2,7.55,8.8,28.7,10.8,92.73
39503.0,7.4,209.4,478.4,217.0,7.47,15.2,60.3,9.0,92.74
40078.7,7.05,319.7,691.5,276.4,7.34,51.9,120.0,38.6,83.77
33919.9,7.51,221.3,422.4,224.3,7.42,16.5,49.2,10.2,92.54
39393.5,7.3,233.8,505.7,182.7,7.27,25.8,83.9,15.1,88.95
39758.4,8.19,144.4,302.7,269.5,7.64,15.2,46.1,23.2,89.44
33713.9,8.0,183.0,372.8,209.1,7.73,12.7,36.0,11.6,93.05
49194.6,7.49,197.5,410.0,246.3,7.47,27.8,83.4,28.6,85.91
40843.0,8.38,200.9,444.3,196.1,7.75,11.2,43.5,6.0,94.44
30852.2,7.99,296.9,692.6,187.5,7.69,27.8,93.8,11.4,90.64
41939.3,7.6,253.5,565.6,224.2,7.66,36.0,107.4,26.0,85.79
32151.9,6.95,153.3,328.0,220.6,7.43,7.6,33.4,6.9,95.01
42722.5,8.39,234.8,527.2,244.0,7.7,37.9,111.1,34.2,83.86
44951.6,7.28,249.9,538.3,206.6,7.3,33.9,105.0,23.2,86.43
33075.9,7.21,288.4,614.5,128.2,7.58,24.4,76.1,7.2,91.53
43780.3,8.01,314.8,656.3,198.4,7.81,45.0,118.3,20.8,85.72
40476.7,8.43,159.1,322.1,259.7,7.79,12.7,45.1,16.5,92.02
42932.4,8.12,171.3,370.3,205.1,7.6,19.3,67.8,21.7,88.72
49380.8,7.87,144.5,320.3,207.7,7.68,17.6,55.6,23.4,87.8
36527.7,7.88,206.0,451.1,269.3,7.61,22.3,75.7,22.6,89.18
33477.6,7.96,248.0,535.2,184.4,7.63,25.4,81.3,14.2,89.74
32662.9,7.93,279.2,587.9,142.9,7.69,22.0,73.3,11.1,92.11
33105.1,7.78,215.4,487.1,212.0,7.61,20.7,71.1,16.4,90.38
37537.4,7.73,200.8,415.3,195.8,7.49,18.7,59.4,13.6,90.69
40046.9,7.68,229.1,521.8,171.7,7.53,26.5,90.4,19.1,88.41
39660.1,7.47,169.9,356.7,211.2,7.54,13.9,51.0,10.1,91.84
42963.1,7.62,345.4,733.8,244.6,7.57,48.0,120.0,30.0,86.1
38078.0,7.19,123.5,253.7,219.5,7.43,10.7,39.5,12.0,91.3
46721.2,7.67,231.1,496.8,235.3,7.62,38.7,106.2,36.9,83.23
36412.1,7.4,341.4,784.4,310.7,7.45,52.1,120.0,44.4,84.74
54321.0,7.37,220.4,496.3,202.9,7.47,36.8,102.9,30.9,83.28
41754.0,7.75,208.6,479.3,233.9,7.34,23.6,75.3,20.7,88.69
32857.1,8.12,198.6,447.2,194.5,7.65,14.5,54.2,11.4,92.67
31574.6,7.98,209.2,437.1,177.7,7.7,12.9,53.8,8.9,93.83
40894.8,7.23,302.4,655.2,190.8,7.39,40.1,111.5,20.5,86.74
36659.2,7.4,87.3,185.2,196.1,7.44,3.0,15.1,3.6,96.56
42284.0,7.98,312.0,727.9,238.0,7.57,56.0,120.0,39.9,82.05
40839.4,7.41,134.6,279.9,337.5,7.54,14.7,38.9,34.7,89.08
37563.0,7.63,204.0,467.0,184.2,7.58,17.7,73.1,10.5,91.32
32919.2,7.87,194.2,444.7,199.2,7.67,15.7,57.5,12.4,91.94
28910.9,7.41,255.3,608.4,216.8,7.35,12.7,47.9,5.4,95.01
35320.9,7.73,124.1,268.0,239.8,7.56,9.2,33.1,13.7,92.61
43138.4,7.3,247.7,562.7,233.2,7.42,32.5,103.0,30.5,86.88
39284.6,7.52,341.5,829.1,284.2,7.49,50.1,120.0,35.1,85.32
30525.6,7.8,138.2,295.5,98.7,7.55,4.8,27.0,2.0,96.55
39039.1,7.22,231.4,473.5,100.7,7.39,25.7,82.6,10.6,88.91
40311.9,7.83,180.3,362.7,195.2,7.66,17.7,56.1,18.7,90.16
32696.9,7.69,245.6,557.7,274.9,7.42,18.9,75.5,12.3,92.32
38922.4,7.87,221.1,444.9,141.7,7.73,21.2,66.9,9.4,90.43
38349.3,7.77,181.5,392.6,80.0,7.61,14.2,59.8,7.3,92.19
31142.2,8.11,249.3,559.3,248.6,7.68,17.7,60.0,14.2,92.89
40146.7,7.74,328.3,728.3,232.2,7.63,49.6,120.0,26.9,84.89
41364.7,7.57,208.5,467.7,165.5,7.42,22.2,76.0,15.6,89.35
44498.3,7.74,263.2,584.9,170.7,7.52,35.7,110.3,20.1,86.43
44322.8,7.86,142.4,331.5,171.5,7.6,12.5,39.9,11.0,91.23
29734.0,7.71,162.6,342.3,225.5,7.66,3.0,17.6,4.5,98.16
32373.0,7.71,248.3,529.5,188.7,7.56,17.8,63.2,13.0,92.82
41090.2,7.49,309.0,656.0,244.7,7.53,39.7,120.0,24.9,87.15
41082.7,7.5,241.3,551.0,80.0,7.46,25.4,92.1,7.5,89.46
41090.3,7.28,201.2,460.8,177.2,7.47,23.1,69.2,16.4,88.5
60000.0,8.22,220.0,493.8,163.7,7.83,39.6,120.0,24.7,81.98
41425.3,7.33,145.0,336.1,207.2,7.52,12.9,54.2,16.4,91.1
44813.4,7.49,256.3,533.6,193.1,7.49,39.1,106.6,27.5,84.74
43724.0,7.48,272.9,646.0,259.9,7.54,40.8,120.0,31.1,85.04
41908.3,7.97,192.9,453.7,127.0,7.68,16.0,59.1,7.7,91.7
36108.4,7.61,191.8,436.1,222.3,7.57,14.5,55.2,13.2,92.47
42553.8,8.07,236.0,561.1,247.9,7.75,27.8,99.5,21.6,88.23
33363.0,7.5,193.8,394.2,312.8,7.58,16.0,51.4,16.2,91.75
36579.1,7.78,216.0,463.9,195.9,7.58,20.3,73.1,13.1,90.63
35087.8,7.45,346.0,735.7,236.2,7.53,48.4,120.0,31.1,86.02
38491.2,8.34,205.2,466.2,129.8,7.73,21.3,60.8,11.3,89.6
51888.0,7.34,198.5,415.9,100.4,7.39,21.4,67.3,8.9,89.22
26796.4,7.79,181.1,412.2,262.2,7.57,8.5,31.5,7.5,95.32
42117.6,7.89,264.7,618.5,219.7,7.61,35.8,113.9,22.3,86.48
28323.7,7.82,209.1,474.6,278.9,7.48,17.5,76.7,21.1,91.61
35168.4,7.64,181.0,403.4,151.3,7.6,3.9,29.2,3.7,97.84
44533.7,7.66,299.3,628.8,246.0,7.35,51.9,120.0,37.9,82.66
38385.7,7.71,305.2,645.5,313.4,7.75,45.5,120.0,42.4,85.1
31533.5,7.66,184.0,427.7,241.0,7.65,10.9,48.2,10.8,94.08
33708.2,7.99,108.0,246.0,233.8,7.63,4.5,21.8,8.1,95.82
42077.6,8.36,280.5,615.9,220.4,7.76,34.1,111.3,22.2,87.83
33617.8,7.53,178.9,386.2,141.5,7.53,5.2,26.3,3.3,97.08
39298.8,7.29,267.4,534.2,287.8,7.4,33.1,100.4,27.6,87.62
38273.4,7.67,101.8,213.0,189.5,7.57,7.3,24.6,9.4,92.82
34090.4,8.47,273.6,654.1,245.2,7.78,28.7,108.5,21.7,89.51
50863.7,7.46,147.3,305.3,141.8,7.48,16.4,48.7,10.7,88.85
41803.5,8.19,263.8,585.5,161.0,7.72,24.2,90.3,13.5,90.82
25849.1,8.2,220.9,508.1,291.8,7.62,17.8,66.7,17.1,91.93
39118.7,7.53,162.8,337.7,202.6,7.51,10.6,38.7,12.4,93.51
34029.3,7.87,195.6,433.9,292.7,7.62,16.1,55.8,20.5,91.77
43114.6,8.19,261.2,599.1,216.1,7.72,32.0,96.0,25.0,87.75
33244.9,7.59,226.4,498.3,127.9,7.51,15.5,63.0,6.1,93.14
37311.6,7.64,255.1,634.3,264.6,7.62,32.3,110.5,28.6,87.32
41029.9,7.53,338.6,688.4,190.5,7.48,46.8,120.0,21.9,86.19
43194.5,7.4,126.1,290.9,254.9,7.48,11.3,39.1,19.9,91.02
30798.2,7.51,317.0,692.0,221.3,7.59,27.6,99.6,16.5,91.3
35993.0,7.33,226.3,515.2,142.8,7.44,18.7,63.2,9.6,91.73
35150.3,7.71,166.1,372.7,228.2,7.58,13.6,48.2,12.3,91.79
34080.0,7.47,140.2,298.1,329.8,7.48,14.1,43.8,29.3,89.97
48592.7,7.77,208.7,463.8,244.6,7.67,26.7,78.9,24.5,87.21
40429.9,7.23,275.3,554.5,217.1,7.4,34.0,87.7,25.7,87.64
30434.7,7.8,212.3,480.0,273.8,7.68,18.6,67.9,20.8,91.23
43507.2,7.95,310.7,692.7,230.5,7.63,50.4,120.0,29.6,83.76
50732.9,7.1,132.9,300.9,230.5,7.32,19.0,56.3,27.2,85.74
44194.8,7.81,219.3,505.6,165.4,7.64,30.6,99.5,21.5,86.02
28883.8,8.07,144.9,324.0,231.7,7.65,7.2,35.2,6.7,95.02
35094.6,7.34,241.8,535.6,271.8,7.49,28.0,102.5,27.9,88.41
45601.5,8.2,273.2,577.0,178.2,7.52,41.4,115.4,24.8,84.85
33754.0,7.83,194.8,414.6,291.2,7.6,18.1,63.6,25.3,90.71
40662.9,7.49,80.0,185.5,215.4,7.46,6.5,24.2,8.5,91.82
42647.8,7.68,231.9,543.6,175.6,7.48,19.8,87.5,12.0,91.48
32438.4,7.87,246.2,535.8,269.9,7.57,19.1,77.0,20.0,92.24
37642.8,7.72,244.3,538.5,205.7,7.53,28.7,91.2,17.1,88.24
20000.0,7.86,294.1,620.5,258.0,7.61,15.1,65.3,6.9,94.86
31853.7,7.42,155.7,360.9,205.4,7.38,7.1,38.9,6.5,95.46
36484.6,7.75,260.8,591.1,217.0,7.6,22.9,79.1,17.4,91.22
30513.3,7.28,291.6,698.0,244.7,7.53,31.8,106.1,20.3,89.09
47794.5,7.67,113.3,239.3,234.5,7.57,10.4,36.7,17.1,90.85
29419.2,7.43,239.2,517.2,120.2,7.54,15.5,57.7,7.4,93.51
35359.7,7.48,189.7,421.8,163.9,7.57,17.6,59.1,8.5,90.75
38784.4,8.07,215.1,487.1,266.5,7.76,21.4,68.9,22.3,90.06
46647.6,8.03,240.9,524.7,213.4,7.79,29.3,80.1,18.5,87.82
29384.8,7.88,190.8,403.0,193.8,7.58,4.2,30.2,3.7,97.81
44979.0,7.37,179.5,410.6,152.1,7.41,22.0,74.1,18.1,87.76
38061.4,7.61,222.0,504.5,166.0,7.59,17.6,65.0,9.0,92.06
32110.9,8.06,154.8,326.3,118.9,7.72,6.6,34.1,3.2,95.76
40772.6,7.74,154.9,361.7,214.9,7.63,12.0,43.9,16.6,92.25
39194.4,8.4,260.8,604.2,190.1,7.9,35.9,108.4,22.9,86.24
34398.7,7.82,151.1,334.4,171.7,7.6,11.0,41.8,8.7,92.74
38418.8,7.76,260.0,574.0,216.6,7.61,32.2,99.8,24.1,87.62
35688.1,7.61,247.8,558.8,238.2,7.46,25.1,90.0,20.7,89.85
38681.1,7.74,116.5,246.2,324.7,7.72,11.1,33.4,20.7,90.48
41972.8,7.65,179.3,395.1,144.4,7.52,14.6,58.5,8.6,91.85
47516.1,7.91,291.6,578.8,278.0,7.6,46.4,120.0,41.1,84.1
30573.1,7.99,161.1,368.6,268.7,7.62,8.3,33.1,5.8,94.86
50798.2,7.46,192.1,392.7,181.0,7.44,21.5,68.1,16.6,88.8
26287.5,7.3,247.7,582.2,230.2,7.39,13.5,56.4,14.2,94.54
37089.3,7.15,267.0,578.6,197.1,7.36,33.2,108.5,20.1,87.55
41529.9,7.85,204.9,446.5,229.3,7.51,18.9,66.5,15.3,90.76
39686.0,7.37,184.1,393.6,295.5,7.41,22.1,68.2,28.1,87.98
34263.8,7.05,305.3,663.0,250.3,7.5,31.6,100.1,18.4,89.64
36751.3,7.82,324.3,759.5,245.4,7.65,35.6,99.0,23.2,89.03
35042.0,8.45,278.7,543.9,198.5,7.85,27.8,78.6,13.9,90.04
34463.8,7.7,225.1,524.0,145.8,7.64,22.2,74.8,13.2,90.13
43097.6,7.95,171.5,383.1,209.6,7.76,20.3,62.5,19.4,88.15
40142.1,7.72,170.2,353.8,280.3,7.44,13.4,48.1,12.0,92.14
33842.5,7.67,251.4,525.9,143.6,7.47,21.3,69.0,10.4,91.52
43397.6,7.98,245.1,580.3,167.2,7.59,29.2,96.6,17.0,88.07
39843.8,7.61,304.1,640.3,226.3,7.5,37.5,105.9,26.2,87.65
42877.2,7.78,259.0,540.0,170.8,7.56,29.6,85.1,16.5,88.57
41777.8,7.8,129.8,300.4,180.4,7.56,9.5,42.0,12.1,92.71
33026.0,7.5,283.1,632.4,198.8,7.52,28.2,92.2,16.0,90.03
34638.9,8.0,160.1,337.2,151.7,7.65,8.9,34.8,4.3,94.47
42483.8,7.65,197.0,437.6,171.3,7.49,18.3,58.7,12.1,90.72
41662.2,7.47,235.0,492.9,255.2,7.34,28.2,84.4,28.9,88.0
37874.6,7.86,339.7,784.8,154.6,7.54,44.1,120.0,16.0,87.01
38704.0,7.43,406.6,937.7,140.1,7.44,55.8,120.0,14.3,86.27
45666.0,7.71,256.4,577.7,188.5,7.55,35.7,114.8,21.2,86.06
34450.6,7.7,209.0,467.4,256.6,7.48,21.4,78.8,19.8,89.78
41282.6,8.03,252.1,598.9,210.2,7.62,33.8,103.4,23.5,86.6
36786.8,7.84,273.3,601.2,196.8,7.52,33.8,98.3,18.7,87.63
36693.9,7.69,200.8,417.9,222.2,7.55,18.5,56.8,11.9,90.79
44592.7,7.95,327.7,735.7,132.7,7.56,43.5,120.0,15.7,86.72
42952.5,8.12,233.8,563.1,244.7,7.63,32.4,109.2,26.8,86.14
42881.1,7.87,249.9,524.3,239.2,7.52,32.9,83.6,27.0,86.83
45832.9,7.7,260.0,562.5,199.5,7.55,40.2,108.5,26.4,84.54
38126.0,7.31,245.3,549.9,270.3,7.38,30.0,103.2,31.9,87.76
42091.7,7.38,270.3,593.3,163.6,7.53,41.0,111.5,21.9,84.82
36138.4,7.61,183.0,384.5,276.4,7.56,16.6,60.3,21.9,90.92
39945.0,7.52,186.5,431.2,227.7,7.5,19.3,65.9,20.1,89.64
37219.1,7.64,154.0,374.5,203.2,7.49,9.8,35.4,12.2,93.64
38582.0,7.72,246.4,546.8,219.0,7.59,27.2,87.7,20.3,88.98
41570.9,7.86,266.7,562.7,214.6,7.66,39.4,109.2,28.6,85.24
33090.7,7.68,247.5,506.1,281.0,7.56,20.1,66.4,17.7,91.86
50554.3,7.85,320.5,713.3,166.2,7.72,56.4,120.0,28.1,82.39
31963.9,7.72,219.7,507.5,181.9,7.6,14.2,61.2,11.0,93.55
30714.9,7.11,260.1,584.6,271.8,7.45,23.1,88.5,17.8,91.13
44948.7,7.42,154.5,339.9,190.2,7.48,16.8,58.3,18.7,89.16
42750.0,7.66,196.8,421.3,265.0,7.59,23.1,71.4,22.8,88.24
41744.7,7.34,261.7,547.2,305.0,7.4,36.3,94.3,34.9,86.14
41770.1,7.88,270.9,618.7,199.9,7.58,42.2,120.0,26.4,84.41
37926.5,8.16,202.4,463.7,254.1,7.72,22.4,86.4,18.2,88.94
32616.5,8.07,215.7,441.2,162.3,7.69,14.6,57.6,8.5,93.24
38454.8,7.64,128.9,304.1,257.7,7.58,9.3,45.0,16.3,92.8
33937.0,8.15,198.6,448.3,230.0,7.77,11.7,56.1,7.0,94.11
43850.7,7.74,273.4,639.8,243.7,7.47,43.0,120.0,32.4,84.27
37117.7,7.6,254.5,525.8,187.7,7.46,28.1,86.2,17.2,88.97
33047.0,7.52,250.0,515.9,136.9,7.52,21.3,67.9,6.4,91.48
36071.7,7.61,223.0,487.2,245.2,7.48,24.1,67.7,23.2,89.2
40477.6,7.58,220.4,496.0,116.8,7.76,21.9,74.2,8.9,90.05
34617.7,7.75,180.4,429.2,204.1,7.61,10.5,51.6,7.3,94.15
33066.7,7.75,261.9,594.7,267.1,7.57,30.1,95.7,28.1,88.5
39462.1,7.7,245.3,533.6,229.6,7.52,26.8,87.4,19.4,89.06
39469.8,7.83,249.5,523.3,317.4,7.57,39.1,115.4,38.8,84.32
34958.3,8.06,188.4,437.7,271.3,7.67,17.5,57.5,18.2,90.7
35173.8,7.98,90.8,191.0,187.3,7.65,4.1,15.3,4.9,95.5
39392.3,7.25,285.8,675.4,221.4,7.39,29.4,96.7,18.4,89.7
29311.5,6.93,191.3,415.4,217.6,7.31,10.9,41.1,8.0,94.32
29555.2,7.98,168.2,396.9,140.9,7.74,12.1,42.0,6.4,92.83
33689.3,7.29,261.6,593.3,173.0,7.53,30.4,95.1,16.4,88.39
36719.3,7.63,196.5,429.6,192.0,7.56,15.7,64.0,12.4,92.0
39865.4,7.35,283.6,609.2,118.2,7.36,30.7,86.4,9.6,89.16
46852.1,7.16,257.0,556.7,222.4,7.44,36.5,108.1,25.7,85.8
43146.0,7.86,261.0,585.4,207.5,7.72,33.4,103.2,25.0,87.2
37040.4,7.93,138.0,304.8,136.4,7.72,5.6,31.1,2.3,95.95
37885.9,7.53,292.7,626.6,240.2,7.56,38.5,120.0,33.2,86.85
31984.8,6.92,235.7,514.6,255.8,7.43,17.0,68.4,13.5,92.8
37888.9,7.54,197.8,436.8,231.4,7.51,24.5,74.9,21.5,87.61
36268.0,7.82,228.6,454.3,203.8,7.64,23.6,69.2,15.1,89.67
39936.3,7.26,113.4,254.7,249.6,7.38,10.8,35.7,21.9,90.44
33036.6,7.76,244.5,514.0,254.0,7.6,23.0,85.0,18.8,90.6
41116.1,7.7,158.2,329.9,235.4,7.65,15.6,46.2,14.5,90.16
47196.4,7.87,138.8,282.0,178.8,7.57,14.9,45.3,11.9,89.3
37347.4,7.74,128.7,260.0,233.8,7.51,8.5,32.1,11.4,93.39
40410.3,7.41,286.8,592.0,279.8,7.48,45.0,118.1,37.0,84.3
42140.9,8.06,182.2,388.0,190.2,7.65,19.4,64.2,13.2,89.34
35592.7,7.65,312.0,747.4,324.9,7.59,50.8,120.0,50.0,83.72
39344.6,7.69,187.9,403.4,193.7,7.53,13.1,56.0,9.8,93.04
38075.6,7.42,117.6,260.7,221.6,7.6,7.2,30.7,8.6,93.88
38586.1,7.57,153.0,342.7,186.4,7.43,12.1,42.5,9.1,92.06
33361.9,7.43,294.1,651.0,231.2,7.57,24.3,83.7,14.7,91.74
38147.1,7.65,210.6,461.8,132.9,7.49,21.4,70.9,12.5,89.84
40988.0,8.21,187.1,389.3,192.7,7.59,21.2,63.1,18.1,88.65
46706.9,7.29,229.6,538.4,165.4,7.45,34.4,104.3,22.2,85.04
43755.6,7.22,250.1,595.4,226.8,7.4,34.7,97.0,25.3,86.13
50919.1,8.14,287.0,583.2,269.7,7.61,50.9,120.0,44.8,82.26
33395.9,7.64,306.9,643.8,252.3,7.42,32.4,111.5,24.0,89.44
43233.9,7.5,198.4,431.0,101.4,7.5,11.5,46.8,6.3,94.2
39100.1,8.01,140.4,295.4,322.1,7.72,18.0,53.5,31.3,87.16
51138.8,7.52,195.2,439.3,234.8,7.55,27.7,86.7,29.0,85.8
33150.2,8.25,235.6,501.2,181.2,7.73,20.6,71.0,11.8,91.27
32961.7,7.9,162.2,391.9,227.9,7.65,12.3,50.7,12.5,92.39
34403.6,7.55,162.6,377.0,228.8,7.51,11.7,49.5,15.9,92.78
25256.6,8.35,240.6,534.5,186.7,7.65,14.7,58.3,9.7,93.9
34845.5,7.52,217.1,499.9,229.9,7.41,13.4,53.3,12.1,93.81
33445.2,7.92,222.0,512.9,189.6,7.61,14.5,57.4,9.6,93.48
38902.4,7.79,174.5,374.0,199.8,7.58,15.5,50.2,12.2,91.14
40050.5,8.09,206.2,436.8,185.7,7.74,16.1,56.2,11.7,92.19
49257.0,8.17,164.5,363.3,148.4,7.75,22.3,70.4,15.0,86.47
43702.5,7.71,273.4,625.1,227.3,7.61,44.9,120.0,31.0,83.58
34538.6,7.47,282.1,624.6,249.3,7.47,40.9,120.0,29.1,85.5
32609.5,7.84,109.2,223.1,245.7,7.5,5.1,26.7,7.7,95.37
40951.5,7.5,164.2,348.1,261.0,7.53,16.1,51.6,17.0,90.22
30078.6,8.3,130.2,285.5,236.2,7.78,4.2,23.0,5.3,96.8
48988.8,7.74,181.0,396.8,193.4,7.41,22.5,68.2,20.4,87.56
45076.6,7.59,215.0,515.4,262.0,7.47,33.0,105.4,35.5,84.64
35184.9,7.76,133.0,274.2,152.1,7.53,5.2,19.5,2.6,96.06
27721.2,7.3,164.7,370.6,175.0,7.45,4.7,35.0,3.3,97.17
46123.2,7.41,159.8,375.3,171.8,7.42,14.5,55.1,14.5,90.9
37312.8,8.06,232.4,564.2,274.0,7.67,32.6,109.1,33.7,85.98
45426.9,7.5,224.2,484.1,267.1,7.49,29.6,96.2,28.1,86.8
28433.4,7.39,176.7,397.4,244.4,7.45,12.1,44.4,9.8,93.16
34403.7,7.86,230.6,520.5,273.6,7.56,23.4,83.8,23.8,89.87
38031.5,8.06,187.2,415.5,176.0,7.62,13.7,51.8,12.9,92.68
38281.9,7.92,203.7,446.1,237.4,7.55,20.0,64.7,18.8,90.16
35299.6,8.0,320.4,718.9,213.7,7.68,43.2,120.0,22.8,86.52
41737.1,7.47,300.4,584.9,262.3,7.53,45.5,120.0,29.6,84.87
31594.3,7.27,142.0,322.1,214.2,7.38,9.8,39.3,13.2,93.09
37145.7,8.15,269.8,596.9,200.8,7.8,25.2,87.7,15.1,90.67
38721.8,7.6,268.7,585.1,247.0,7.51,33.8,91.8,27.9,87.42
41086.6,7.62,151.1,363.4,263.8,7.64,12.2,51.5,12.4,91.93
42269.7,8.1,269.1,573.9,186.6,7.63,37.0,113.1,21.8,86.25
31252.1,7.87,312.3,674.4,216.9,7.47,34.3,109.6,21.6,89.01
28795.3,7.84,152.6,366.2,167.1,7.63,5.5,31.9,2.8,96.37
45666.1,8.35,164.9,349.2,95.1,7.77,13.4,47.2,5.9,91.85
39993.9,7.51,281.1,602.9,230.0,7.5,39.8,120.0,30.6,85.84
33509.1,7.98,236.3,516.4,250.4,7.6,19.0,59.3,17.6,91.95
47306.9,7.72,253.1,578.1,233.1,7.56,39.3,120.0,28.7,84.49
38694.0,7.78,240.4,534.0,122.5,7.55,30.5,88.0,12.3,87.32
45075.8,8.16,243.4,504.1,202.5,7.68,35.1,96.7,25.1,85.59
38405.1,7.85,140.4,301.4,109.1,7.66,10.4,36.5,6.3,92.57
50364.5,7.86,282.8,605.1,288.5,7.62,51.2,120.0,46.7,81.91
48532.0,8.02,290.2,636.1,165.7,7.7,50.8,120.0,25.7,82.5
36506.2,7.59,206.2,462.5,282.8,7.51,18.3,56.8,17.7,91.15
43829.4,7.45,217.4,487.4,267.3,7.46,28.8,93.0,29.7,86.73
41872.3,7.39,128.1,259.1,175.0,7.39,10.1,29.9,8.7,92.12
46211.8,7.11,250.9,578.6,163.4,7.36,31.8,104.7,17.5,87.34
32210.5,8.32,254.3,565.9,237.5,7.51,18.8,70.1,15.5,92.59
42116.3,7.37,216.3,505.7,177.8,7.42,24.4,73.8,16.7,88.71
44350.5,7.63,287.5,645.2,225.1,7.53,47.1,120.0,36.8,83.63
27447.6,7.62,200.0,461.9,195.9,7.57,14.2,48.7,5.6,92.91
30900.4,7.79,253.9,570.4,130.9,7.57,19.4,72.3,6.2,92.35
25764.6,7.94,158.8,370.8,108.5,7.66,3.0,20.6,2.7,98.11
36383.6,7.96,218.6,492.3,231.3,7.48,19.6,72.0,17.7,91.04
42305.3,7.53,209.5,458.9,191.9,7.5,23.5,72.3,19.5,88.81
47014.1,7.65,233.5,566.8,192.3,7.43,29.8,97.7,17.8,87.24
38444.6,7.78,197.8,452.8,254.8,7.5,21.4,73.6,26.4,89.16
47771.7,7.63,212.1,478.8,278.7,7.52,30.8,91.4,34.7,85.48
29719.4,8.18,269.6,558.6,206.4,7.79,16.6,62.5,8.7,93.84
27779.7,7.85,193.8,401.4,203.0,7.63,8.2,30.4,4.9,95.79
37666.7,7.92,123.6,275.5,245.0,7.63,9.1,35.7,12.5,92.65
40304.4,7.9,325.0,719.7,152.2,7.62,45.4,120.0,21.2,86.02
37803.8,8.05,302.9,647.8,231.2,7.62,41.8,120.0,27.6,86.21
25595.3,7.75,142.5,315.4,247.6,7.54,5.0,28.3,7.2,96.52
37465.3,7.31,261.4,616.6,254.0,7.47,33.2,111.5,26.2,87.32
30173.2,7.82,189.8,430.8,123.2,7.5,6.2,27.2,2.7,96.74
42018.0,7.5,235.8,491.9,181.9,7.54,27.7,89.8,21.3,88.27
40199.6,7.54,237.7,520.2,176.1,7.49,30.1,97.4,20.9,87.33
32360.7,7.88,205.9,436.5,225.0,7.67,9.3,42.0,6.6,95.5
34916.8,8.07,173.0,373.8,244.0,7.74,11.1,48.9,13.1,93.6
31644.7,7.71,178.6,385.5,294.8,7.44,16.7,54.4,19.2,90.63
37623.9,7.79,165.0,355.2,195.3,7.55,13.5,43.8,12.8,91.8
43730.9,8.21,170.1,352.9,195.1,7.65,17.8,55.6,14.7,89.55
32085.6,7.77,216.0,472.4,277.5,7.45,11.9,44.9,12.6,94.49
41024.3,8.48,177.1,379.6,234.8,7.72,20.5,66.8,22.9,88.45
34818.5,7.87,260.9,497.6,283.4,7.78,24.3,66.2,18.8,90.7
33242.8,7.17,309.2,743.8,234.4,7.44,27.7,98.0,18.2,91.04
37357.8,7.93,185.2,427.6,162.1,7.76,15.3,55.2,9.2,91.73
31788.5,7.81,234.4,506.8,153.3,7.65,17.5,65.9,9.3,92.55
34678.1,8.09,250.0,550.4,142.4,7.62,24.5,77.9,9.6,90.21
30812.7,7.9,248.3,517.2,253.1,7.59,21.9,65.9,18.5,91.19
49788.4,7.66,224.6,532.1,279.4,7.59,35.9,108.1,37.6,84.02
38211.6,7.33,264.6,632.2,312.5,7.48,31.3,105.5,31.1,88.18
33801.6,7.64,248.9,551.6,262.2,7.5,20.5,67.1,16.3,91.78
39283.9,7.44,145.7,335.5,278.1,7.38,15.0,45.7,21.4,89.68
37326.0,7.53,272.1,603.5,191.0,7.74,37.3,120.0,21.7,86.28
36674.2,7.88,273.2,564.6,162.2,7.6,28.6,81.3,15.2,89.52
41685.0,8.2,174.2,376.1,262.5,7.69,17.4,56.7,17.5,90.0
42545.0,7.82,222.3,491.9,240.9,7.6,26.3,82.9,29.0,88.18
34817.0,7.34,261.0,562.3,225.4,7.44,28.0,84.2,21.6,89.28
34545.1,7.83,207.4,451.8,239.4,7.61,16.8,62.2,15.7,91.9
36349.7,8.06,284.4,623.0,236.2,7.76,26.9,95.8,16.9,90.55
24188.5,7.52,361.8,793.1,284.2,7.5,34.0,113.5,16.7,90.62
28908.9,7.66,172.8,381.2,284.7,7.47,10.8,37.5,17.1,93.73
46201.2,7.7,137.1,287.2,247.2,7.55,15.0,51.4,25.1,89.03
47869.8,7.46,238.2,507.0,262.3,7.46,36.4,104.7,41.6,84.73
36505.8,7.89,263.3,545.4,245.7,7.72,23.4,84.0,16.0,91.11
41459.3,7.66,206.1,473.7,196.9,7.63,23.0,64.8,16.5,88.86
39867.5,7.83,307.2,611.1,257.8,7.61,43.5,117.7,28.2,85.83
56473.3,7.43,139.7,323.4,150.3,7.39,20.3,71.9,19.7,85.46
44717.4,7.57,261.6,611.7,272.7,7.43,35.1,108.9,28.4,86.56
37232.5,7.92,183.6,398.5,160.3,7.63,8.7,36.9,3.8,95.24
32266.8,7.59,323.2,626.8,234.3,7.55,33.2,99.6,21.1,89.71
28361.3,8.22,339.6,734.7,177.7,7.69,30.7,101.9,14.6,90.96
39220.8,7.58,174.0,381.7,247.7,7.49,16.1,52.3,17.9,90.73
33461.9,7.77,187.0,392.6,218.3,7.54,20.1,61.7,22.2,89.25
29466.5,7.98,271.6,583.5,140.3,7.64,16.9,59.9,3.5,93.77
34120.6,7.27,196.8,463.0,241.0,7.27,15.1,65.1,14.1,92.31
31510.7,7.17,217.3,492.5,191.1,7.32,12.6,56.0,6.0,94.22
48122.8,7.24,221.5,466.9,264.1,7.38,35.7,100.0,37.9,83.87
43289.8,8.08,104.8,213.9,220.1,7.76,10.0,30.8,14.3,90.43
37952.2,7.53,219.2,475.0,239.8,7.45,23.9,75.5,20.3,89.09
46879.7,8.47,178.6,389.1,172.1,7.8,17.4,54.5,13.9,90.23
38464.2,7.53,190.4,428.4,190.5,7.53,18.2,58.6,14.2,90.44
32832.3,7.76,306.6,658.1,197.1,7.67,22.5,80.0,9.2,92.65
47138.7,8.16,144.6,325.5,262.8,7.79,15.9,48.7,26.6,89.02
41233.5,8.3,268.8,643.4,303.9,7.74,43.8,120.0,46.8,83.7
31776.5,8.32,203.3,463.8,179.7,7.71,13.5,51.0,4.9,93.36
36858.0,8.06,203.2,446.1,273.8,7.62,22.5,81.2,22.2,88.91
32746.3,8.01,267.4,583.4,111.5,7.64,29.2,75.1,10.5,89.06
29703.2,7.88,240.4,520.3,160.3,7.58,9.1,46.3,3.3,96.21
43557.1,7.93,254.2,589.3,172.1,7.67,30.2,110.7,17.8,88.12
49456.5,7.53,278.1,594.4,152.4,7.54,40.6,118.1,18.2,85.39
29608.6,7.45,200.1,441.2,140.8,7.53,8.9,46.4,3.4,95.56
41377.8,7.7,183.3,404.1,240.6,7.65,22.4,71.2,28.0,87.79
34096.1,7.65,154.9,333.0,209.3,7.68,11.0,35.6,6.1,92.9
35077.2,7.56,170.5,351.6,239.0,7.53,10.4,31.1,8.0,93.9
34445.6,7.91,396.9,886.1,254.5,7.7,60.0,120.0,37.1,84.88
32816.1,7.99,294.7,646.5,233.3,7.62,42.5,119.2,26.1,85.58
38291.1,7.73,138.9,312.6,252.9,7.65,10.9,38.4,17.2,92.15
33014.3,8.14,140.7,301.9,216.5,7.77,8.4,30.6,5.1,94.06
39622.7,7.36,248.9,578.0,160.7,7.53,26.9,99.6,17.0,89.2
37698.6,7.64,252.8,534.1,272.9,7.55,27.6,97.4,26.6,89.1
36566.3,7.48,252.9,599.8,190.5,7.45,22.6,85.9,11.6,91.08
32554.6,7.14,204.7,414.6,173.2,7.29,12.3,44.5,6.8,93.99
34539.4,7.68,212.5,476.7,211.1,7.55,13.6,48.2,8.9,93.59
42532.3,7.66,239.7,538.7,174.4,7.66,33.4,105.6,23.9,86.05
41005.5,8.15,225.2,477.4,199.1,7.67,24.1,80.8,12.4,89.29
32134.7,7.89,86.8,194.7,237.2,7.67,3.0,15.3,5.4,96.55
38596.0,7.39,206.2,480.1,237.4,7.53,23.2,69.2,23.3,88.73
42508.3,8.26,168.9,334.2,175.1,7.71,20.0,59.2,18.8,88.19
27983.6,8.07,230.5,518.7,195.6,7.76,15.7,66.6,7.4,93.17
41260.2,7.87,399.1,778.5,273.7,7.41,60.0,120.0,41.7,84.97
34024.3,7.63,242.0,509.1,244.8,7.45,20.0,68.3,12.3,91.73
41423.6,7.41,201.2,475.4,323.8,7.41,27.3,88.5,29.8,86.42
33420.4,7.59,275.3,589.7,279.0,7.47,34.0,99.0,31.0,87.63
27170.7,8.03,249.0,518.5,277.2,7.68,20.8,63.7,19.7,91.66
28234.7,8.27,245.2,534.6,150.6,7.75,9.6,53.1,4.5,96.09
38288.5,8.16,256.4,617.1,258.2,7.73,30.6,102.2,24.0,88.08
39558.3,7.55,343.4,692.6,217.3,7.56,51.5,120.0,28.4,85.01
32574.1,7.36,152.1,318.7,192.5,7.39,7.5,25.5,6.5,95.06
41831.6,7.74,248.4,583.7,228.4,7.49,27.0,98.4,18.9,89.14
28030.9,7.17,164.4,392.3,267.3,7.43,9.9,43.6,6.8,93.99
37603.5,7.8,253.3,554.7,245.0,7.54,24.5,80.7,21.6,90.32
30733.9,7.66,164.9,342.3,176.1,7.44,7.4,31.1,5.2,95.5
34089.0,7.56,195.0,469.8,257.1,7.59,16.0,61.6,13.5,91.81
38284.4,7.22,202.3,477.3,188.1,7.51,11.1,44.6,6.4,94.53
32837.5,7.85,278.5,631.7,230.8,7.72,31.7,102.5,24.5,88.61
35692.7,7.54,275.1,582.9,204.8,7.53,31.1,83.6,16.1,88.71
44037.8,7.35,145.3,318.9,209.1,7.5,16.7,51.2,22.1,88.48
34538.6,6.84,223.3,487.7,258.3,7.4,17.0,61.8,16.8,92.38
43014.2,7.69,177.4,396.2,168.0,7.51,13.1,50.8,7.7,92.62
31221.8,8.23,144.5,338.8,317.3,7.8,4.0,28.0,7.3,97.22
41178.8,8.2,207.0,473.6,128.9,7.73,14.9,62.7,6.2,92.83
46649.4,7.56,201.5,421.6,190.1,7.58,25.7,80.7,20.2,87.24
23170.1,7.52,365.6,854.7,238.5,7.52,34.8,120.0,14.4,90.47
33218.6,7.84,246.0,548.9,249.2,7.69,29.0,97.0,25.1,88.23
41462.4,7.4,137.3,311.6,215.0,7.49,6.8,33.0,6.4,95.02
36781.7,7.79,186.1,436.7,217.1,7.48,13.8,52.0,11.0,92.61
40226.9,7.93,281.3,587.6,240.5,7.73,39.7,115.8,30.3,85.89
34376.1,8.07,345.3,758.4,208.4,7.6,36.5,120.0,22.3,89.43
38519.5,7.67,124.8,268.0,289.7,7.64,12.0,38.8,20.7,90.39
37065.9,7.64,107.2,219.0,262.0,7.54,6.9,27.4,9.4,93.55
45006.7,7.44,332.3,742.5,263.6,7.56,58.7,120.0,39.1,82.32
39526.5,7.45,243.4,596.6,171.7,7.57,23.2,80.7,12.9,90.47
40025.6,7.63,167.9,338.5,216.0,7.57,15.2,51.7,16.9,90.94
35528.7,7.81,252.1,553.8,205.0,7.63,29.5,95.6,15.6,88.3
35074.4,7.97,80.0,181.1,169.7,7.67,3.0,16.9,4.7,96.25
35404.7,7.46,220.2,487.2,238.0,7.35,17.4,63.7,11.5,92.11
40366.7,8.15,239.7,524.6,193.1,7.7,27.3,80.6,18.9,88.6
35474.1,7.62,275.5,570.2,252.8,7.46,28.7,86.4,22.2,89.59
39738.6,7.69,159.2,353.9,166.5,7.57,14.8,45.2,12.6,90.69
50452.4,7.48,225.1,478.3,306.0,7.41,38.4,99.5,48.0,82.93
43226.7,6.97,164.5,325.8,175.2,7.26,17.2,54.8,14.0,89.51
36043.9,7.97,235.3,545.8,231.0,7.75,21.3,80.0,12.3,90.94
45207.3,7.92,166.3,381.8,259.6,7.7,19.6,63.2,25.4,88.21
35551.5,7.62,195.5,431.1,191.5,7.53,13.4,42.9,8.0,93.15
25771.3,7.72,160.3,356.2,262.6,7.58,3.9,24.9,5.9,97.54
31951.5,7.85,259.1,597.8,158.5,7.59,17.4,63.5,7.1,93.28
26775.2,7.23,271.5,603.4,292.6,7.46,21.3,84.7,10.4,92.17
35890.9,7.54,205.9,471.6,220.7,7.47,21.6,67.0,19.7,89.53
38110.5,7.94,222.3,482.4,190.2,7.7,21.4,64.7,14.3,90.38
48058.6,7.32,133.1,310.2,205.0,7.43,15.1,52.8,21.1,88.64
39961.6,7.79,202.0,450.9,260.4,7.56,24.1,71.4,25.1,88.09
36685.4,7.29,217.0,481.6,190.8,7.44,20.3,77.9,19.6,90.66
42976.4,7.84,377.2,782.0,182.5,7.56,60.0,120.0,28.2,84.1
24733.2,7.69,153.3,341.6,208.9,7.58,8.3,29.8,8.3,94.62
39413.7,7.22,307.9,651.7,161.2,7.38,41.5,107.1,21.2,86.52
42625.2,8.05,279.8,597.7,311.0,7.7,41.7,118.9,38.1,85.09
29128.5,7.48,236.8,501.7,191.7,7.58,20.1,62.3,14.6,91.51
44862.5,7.46,325.5,681.4,261.6,7.44,54.5,120.0,40.0,83.26
40031.0,7.76,242.3,584.6,230.5,7.57,21.4,88.4,12.0,91.15
35508.3,8.04,243.3,567.8,170.8,7.7,18.2,73.7,13.1,92.53
41796.7,7.4,216.8,518.6,219.7,7.44,19.4,70.9,18.5,91.06
51624.2,7.72,293.4,609.6,259.2,7.6,52.5,120.0,40.1,82.1
39091.2,7.83,285.8,630.8,210.6,7.64,31.5,103.2,15.6,88.98
39489.3,7.91,182.5,377.8,279.7,7.7,20.9,59.4,30.1,88.56
35243.8,7.75,140.8,300.1,271.1,7.53,12.0,37.7,15.6,91.5
32900.9,7.59,207.8,438.1,265.9,7.46,25.5,77.3,26.0,87.75
42982.0,7.45,172.0,399.7,197.0,7.46,13.9,54.2,16.7,91.93
32863.5,7.73,216.2,467.0,166.0,7.5,10.0,45.2,3.1,95.38
38429.4,7.38,294.2,678.8,189.3,7.5,38.1,117.8,19.0,87.04
35134.1,6.82,192.6,435.3,229.8,7.22,15.6,59.5,15.3,91.88
40873.9,7.83,217.4,528.4,247.3,7.76,28.3,91.4,23.3,86.98
40002.0,7.97,223.5,458.6,111.4,7.73,19.0,62.2,6.5,91.5
44225.2,6.99,270.9,630.1,219.6,7.35,33.2,119.9,23.2,87.74
34939.9,7.4,85.2,197.2,227.9,7.53,6.6,22.1,12.6,92.25
36380.8,7.89,183.6,386.0,206.1,7.5,13.1,40.9,13.1,92.86
32127.4,8.32,232.7,535.3,284.6,7.92,21.6,72.6,21.7,90.71
35334.2,7.71,292.0,652.2,241.1,7.52,32.6,112.8,21.6,88.85
40263.8,7.48,190.5,414.7,285.5,7.49,20.5,64.9,24.9,89.22
42541.9,7.65,107.4,227.4,209.2,7.41,8.2,29.5,18.3,92.35
32467.0,8.11,257.2,547.3,266.9,7.72,25.3,77.7,17.2,90.15
43217.6,7.51,181.9,437.4,301.8,7.42,23.2,81.4,30.8,87.22
46133.8,7.46,148.6,327.0,285.6,7.5,16.0,48.7,25.1,89.25
40480.6,7.56,182.5,415.9,165.4,7.48,15.1,57.1,9.1,91.73
49260.8,7.41,208.9,443.1,207.3,7.4,28.0,81.2,20.4,86.62
33357.3,7.74,183.7,389.8,202.7,7.51,15.2,47.7,19.1,91.73
30532.1,8.19,87.7,202.4,244.5,7.72,3.1,17.5,4.8,96.46
27327.7,7.8,273.8,565.5,254.3,7.5,17.5,60.7,15.8,93.6
46976.3,7.62,296.5,640.0,178.1,7.48,46.2,120.0,22.9,84.4
41926.2,7.61,259.1,570.9,223.4,7.58,31.4,98.0,22.0,87.86
37666.5,7.23,151.7,335.5,119.0,7.6,5.5,16.1,2.9,96.36
39679.8,7.96,207.9,453.7,292.1,7.67,20.0,64.1,25.2,90.4
31247.1,7.68,219.6,491.8,194.4,7.49,15.6,55.1,12.3,92.88
52674.5,7.65,255.9,580.8,222.8,7.52,46.8,120.0,37.0,81.73
38775.3,8.66,260.1,591.3,204.5,7.85,39.6,112.3,26.4,84.76
38656.4,7.79,175.9,369.7,277.3,7.56,18.1,54.5,19.5,89.72
42354.6,7.47,224.9,488.4,80.0,7.56,24.2,82.4,7.4,89.25
40886.1,7.57,247.4,573.9,219.2,7.54,27.8,88.0,19.3,88.77
39343.3,8.04,307.3,703.7,214.7,7.73,41.7,120.0,25.4,86.42
33257.2,7.73,262.3,541.0,197.3,7.55,23.9,73.6,14.0,90.9
40828.8,7.27,267.3,597.6,306.3,7.52,45.0,120.0,47.1,83.16
49292.1,7.98,225.0,450.5,175.6,7.63,35.2,88.8,23.7,84.35
46072.5,7.5,304.6,671.6,258.6,7.43,49.0,120.0,34.8,83.92
47559.1,8.26,244.6,584.5,237.8,7.88,30.3,119.3,28.5,87.62
34932.7,8.02,168.3,354.4,283.1,7.53,12.7,49.8,19.2,92.45
32062.4,7.57,304.2,643.9,186.6,7.47,28.5,98.9,13.9,90.63
37245.3,8.08,261.9,596.1,183.4,7.63,24.5,87.7,8.2,90.66
38334.3,7.72,193.4,395.7,274.8,7.74,21.7,59.0,28.5,88.81
44565.1,7.96,191.2,408.6,241.3,7.76,22.3,68.6,19.1,88.32
27845.2,7.85,237.8,537.3,142.8,7.71,14.0,64.8,3.8,94.09
47177.3,7.45,247.8,529.4,193.0,7.46,32.5,90.6,21.5,86.89
37052.0,7.51,231.8,504.6,239.3,7.67,23.2,82.5,19.9,90.0
35438.7,8.01,238.7,542.9,261.9,7.68,23.0,85.2,21.4,90.38
31927.4,7.6,322.0,722.0,186.0,7.6,36.7,120.0,18.0,88.62
28070.9,7.58,284.3,633.0,80.0,7.54,13.2,57.6,2.7,95.36
42939.0,7.41,231.4,501.3,246.2,7.47,22.7,69.6,18.8,90.19
38439.9,7.83,276.5,618.5,159.0,7.58,34.2,105.5,13.9,87.64
30260.2,8.32,158.0,345.8,119.1,7.73,5.5,35.2,2.4,96.52
30229.5,7.38,243.9,547.7,80.0,7.51,12.1,44.0,2.6,95.04
35985.3,7.71,328.6,706.5,260.7,7.59,39.7,108.9,31.3,87.92
48014.1,8.12,206.9,451.4,226.4,7.68,31.3,88.5,27.6,84.89
36442.5,7.68,169.1,355.4,208.7,7.66,19.4,59.0,20.3,88.53
28981.1,7.84,180.9,397.3,289.5,7.39,6.9,36.0,5.7,96.17
36525.5,7.38,154.6,327.6,251.9,7.5,9.7,41.3,11.7,93.74
36363.7,7.83,172.9,361.1,300.8,7.65,21.1,56.2,30.0,87.82
21818.7,7.64,197.8,440.2,150.4,7.62,4.9,21.7,4.0,97.55
37674.2,8.0,135.7,301.4,218.3,7.64,5.9,35.1,6.1,95.67
36614.4,8.06,220.9,503.4,139.2,7.68,13.8,50.5,4.9,93.76
42177.2,8.48,274.1,591.3,208.5,7.86,32.9,92.9,19.5,88.01
49093.7,7.87,165.5,370.9,207.6,7.72,21.4,69.3,20.1,87.05
44759.4,7.8,311.2,701.7,251.3,7.57,50.3,120.0,34.2,83.82
36386.7,7.76,250.6,562.6,222.3,7.6,26.1,87.9,18.5,89.57
31360.8,7.59,281.8,596.8,251.2,7.65,23.0,80.9,10.7,91.84
53440.2,7.8,180.5,399.9,255.2,7.44,30.4,93.1,36.8,83.16
38355.3,7.61,271.3,606.7,327.7,7.49,41.0,116.9,38.4,84.88
38083.6,7.75,154.5,340.0,204.2,7.68,8.8,42.5,7.8,94.33
37855.2,8.1,273.4,544.5,172.9,7.76,30.9,77.3,18.4,88.69
39188.5,7.4,230.3,510.4,232.3,7.51,20.6,75.2,13.5,91.06
37133.8,8.04,253.2,613.0,179.9,7.63,28.3,93.7,15.6,88.83
34558.0,8.1,149.5,323.4,294.1,7.62,11.6,47.1,17.0,92.24
34718.8,7.66,166.3,353.7,205.8,7.51,13.0,45.1,11.9,92.19
37803.5,7.06,255.8,572.4,191.7,7.48,27.7,86.5,17.7,89.18
34739.5,7.52,163.1,363.9,196.4,7.46,12.6,53.5,11.6,92.24
33722.9,8.09,247.8,574.7,255.9,7.68,25.5,93.6,23.5,89.69
38638.6,7.69,138.0,286.2,212.1,7.51,12.7,44.4,13.3,90.77
36470.1,7.4,270.9,615.8,187.9,7.53,25.1,82.0,14.7,90.73
47024.0,7.55,146.0,329.9,303.3,7.48,16.8,52.3,30.6,88.52
22094.2,7.95,253.1,553.3,177.2,7.63,16.4,63.4,9.4,93.54
44549.0,7.86,257.5,575.3,221.8,7.49,31.3,98.4,21.3,87.86
45476.5,7.63,178.2,410.4,252.6,7.43,15.3,59.6,16.3,91.44
25559.7,7.59,254.9,583.1,138.4,7.53,11.4,45.8,3.0,95.52
35943.9,7.58,235.6,491.4,244.0,7.43,26.1,80.3,24.1,88.91
35771.4,7.42,187.7,428.3,167.2,7.62,5.5,33.8,3.7,97.05
29554.9,8.18,159.5,349.8,261.1,7.56,11.8,39.1,10.9,92.61
33333.1,7.6,102.2,225.7,171.9,7.47,3.8,18.0,3.2,96.29
31336.5,8.07,241.0,531.9,254.6,7.67,19.8,69.3,19.0,91.79
48513.6,8.16,126.1,275.6,275.3,7.67,12.3,32.2,18.1,90.24
43614.1,8.0,225.7,523.5,263.1,7.57,28.3,89.3,27.1,87.47
45629.3,7.57,204.2,447.5,232.6,7.45,27.5,77.7,27.4,86.53
42330.0,7.82,260.7,544.5,208.4,7.53,37.4,107.4,26.3,85.66
31225.7,7.69,201.9,436.2,191.2,7.54,13.5,47.3,11.5,93.31
34852.9,7.43,200.2,444.1,293.6,7.62,21.8,67.2,22.6,89.1
40936.2,7.8,263.9,613.0,185.0,7.59,31.8,114.8,20.4,87.95
30667.2,7.35,240.1,542.7,168.1,7.54,18.3,74.8,10.0,92.37
42278.0,8.06,239.0,505.4,253.3,7.7,36.4,106.9,30.5,84.78
36558.0,7.56,248.2,607.6,180.2,7.6,19.1,73.7,13.1,92.29
35751.1,7.76,127.9,284.7,172.5,7.38,7.2,34.2,9.4,94.38
42265.8,7.78,265.4,617.7,147.8,7.56,36.4,118.2,18.4,86.29
40665.6,7.62,256.7,561.0,195.9,7.63,31.0,95.5,19.2,87.93
35834.2,7.88,159.0,358.3,215.9,7.57,11.2,44.6,9.3,92.96
44956.0,7.56,205.4,469.0,232.2,7.64,30.9,92.3,31.8,84.95
31513.6,7.96,217.6,505.3,267.6,7.74,16.2,71.2,8.4,92.57
41695.6,7.3,211.9,488.7,246.3,7.41,28.3,88.3,28.3,86.63
41558.6,7.74,240.0,549.0,210.5,7.54,22.9,82.6,16.5,90.46
36142.7,8.28,305.9,663.3,210.1,7.66,33.5,117.6,20.3,89.03
39956.8,7.4,284.9,610.5,245.5,7.43,40.3,120.0,29.8,85.84
30493.3,7.5,141.3,315.5,283.6,7.41,9.6,30.1,11.8,93.22
43544.2,7.85,257.3,590.1,226.3,7.64,35.0,113.5,24.3,86.41
36890.6,7.75,299.7,652.7,196.5,7.47,32.3,108.2,19.4,89.24
34863.7,7.81,243.2,561.0,170.4,7.63,21.8,83.5,11.6,91.04
44294.1,7.85,285.5,669.5,147.7,7.65,39.8,119.0,17.3,86.05
33773.9,7.89,340.7,718.4,253.3,7.5,42.2,120.0,25.4,87.62
29549.2,8.03,281.4,595.6,248.9,7.77,27.1,95.3,20.3,90.35
28660.2,7.82,235.0,513.6,248.9,7.63,17.7,62.5,12.8,92.47
41636.1,7.63,282.7,630.6,213.6,7.59,46.4,120.0,32.6,83.57
30317.4,7.9,228.7,491.1,290.3,7.57,15.2,65.7,9.3,93.34
48528.8,8.27,221.4,517.1,195.8,7.77,30.1,96.3,20.3,86.39
25508.4,7.66,198.9,446.0,267.8,7.63,12.7,47.3,14.3,93.62
48178.7,7.41,313.8,691.6,218.1,7.47,45.3,120.0,29.3,85.56
39266.1,8.03,170.9,351.4,189.6,7.8,14.7,47.7,14.5,91.41
37419.7,7.66,311.9,645.2,249.6,7.55,47.0,119.0,31.4,84.92
34730.5,7.05,250.0,557.0,240.5,7.44,22.4,73.7,18.4,91.03
40394.8,7.95,136.0,270.3,237.8,7.66,10.9,35.4,13.8,92.01
37774.2,7.54,242.1,557.0,224.1,7.55,23.5,92.5,17.0,90.29
44619.8,7.67,94.0,205.3,218.1,7.43,8.8,31.0,15.0,90.59
38685.4,7.8,257.5,643.8,339.4,7.62,33.4,110.5,35.7,87.02
38901.8,7.76,273.1,663.9,279.2,7.53,36.8,120.0,35.4,86.53
35818.3,7.91,184.5,402.5,256.1,7.56,15.0,50.2,13.7,91.88
37658.3,7.57,227.4,497.9,225.6,7.64,30.1,82.9,26.4,86.76
39846.8,7.85,337.2,775.5,270.4,7.59,54.7,120.0,39.0,83.78
27739.0,7.62,189.7,449.5,245.9,7.47,5.4,40.6,3.9,97.17
29910.9,7.92,156.5,318.6,221.3,7.6,9.1,34.8,7.9,94.21
42459.6,7.88,308.9,624.4,204.8,7.52,46.6,120.0,27.6,84.92
39025.2,7.42,337.8,722.1,216.0,7.58,50.3,120.0,29.9,85.11
36896.1,8.03,220.2,497.3,80.0,7.61,20.7,62.8,5.6,90.6
38110.6,7.54,280.7,631.5,230.5,7.55,43.2,120.0,31.0,84.59
40085.5,7.94,300.5,693.2,195.6,7.73,40.5,118.0,24.5,86.53
34761.4,7.81,175.5,364.9,299.6,7.56,13.9,50.1,18.9,92.06
33330.2,8.25,190.9,375.7,221.0,7.76,14.6,46.1,10.0,92.35
39175.1,7.63,293.9,671.7,160.6,7.47,36.7,120.0,17.7,87.5
32129.8,7.6,321.1,679.8,217.5,7.7,34.3,109.1,16.8,89.32
40449.5,7.69,253.8,507.1,167.7,7.62,24.9,73.2,10.7,90.2
27784.5,7.61,167.2,370.3,243.7,7.52,7.4,33.9,9.2,95.56
44174.9,7.94,339.2,773.2,234.5,7.58,60.0,120.0,33.0,82.31
40835.6,7.22,188.1,411.6,267.9,7.41,21.5,59.6,23.7,88.56
39536.2,7.38,199.9,430.6,180.5,7.44,17.3,69.9,11.7,91.33
43896.1,7.38,240.5,525.4,221.7,7.6,26.7,86.8,20.7,88.88
47992.8,7.99,313.2,677.5,151.7,7.56,55.1,120.0,21.3,82.41
44086.2,8.21,271.2,560.2,255.1,7.72,39.2,112.1,30.5,85.53
26954.8,7.67,244.9,521.3,245.9,7.55,14.2,61.0,12.7,94.21
30322.5,7.65,247.8,558.1,244.8,7.54,23.6,82.3,21.6,90.47
34251.1,7.72,222.6,496.9,220.1,7.56,18.1,64.1,17.1,91.86
38156.5,8.05,253.5,561.9,240.7,7.66,34.0,109.4,27.5,86.58
41106.0,7.42,80.0,168.0,300.2,7.54,8.0,28.9,24.8,90.06
33645.5,7.77,202.2,441.2,205.7,7.62,13.3,47.9,8.5,93.41
39120.6,7.99,234.5,464.8,226.9,7.68,26.8,83.8,22.0,88.57
33467.7,7.85,150.9,334.8,165.7,7.39,7.3,33.0,5.8,95.19
34330.9,7.76,243.2,569.7,176.6,7.6,20.6,79.6,11.9,91.53
29560.0,8.0,207.7,426.4,224.9,7.53,15.7,59.4,10.0,92.43
32460.6,6.89,325.3,696.7,275.2,7.36,40.0,120.0,29.4,87.71
29889.9,7.9,314.4,702.0,207.2,7.72,35.5,118.0,19.8,88.71
32144.8,7.5,192.1,446.6,208.2,7.44,8.2,46.0,6.0,95.72
44321.9,7.15,210.9,454.6,199.7,7.38,29.8,82.9,22.8,85.87
32303.6,7.85,215.6,459.3,193.3,7.56,14.9,56.3,10.9,93.11
53794.3,8.11,192.9,386.4,234.7,7.77,32.5,88.6,33.9,83.14
40959.9,7.66,231.7,512.1,145.1,7.55,22.3,69.2,9.8,90.36
39109.0,7.99,174.5,419.5,284.0,7.77,18.5,74.9,25.4,89.39
32849.9,8.18,152.2,339.0,186.7,7.73,9.9,32.1,7.6,93.48
42201.9,8.09,257.4,565.6,256.1,7.7,31.7,91.9,27.3,87.68
34546.2,8.19,257.8,575.4,156.5,7.71,23.0,87.7,13.3,91.08
38732.1,7.92,171.7,377.6,253.4,7.68,14.4,52.2,18.8,91.6
53360.5,7.72,273.7,579.9,253.6,7.45,55.4,120.0,45.5,79.75
37423.6,7.22,182.1,415.6,239.2,7.42,20.7,69.2,21.3,88.63
44895.6,7.63,235.2,522.7,170.3,7.53,28.2,98.7,18.3,88.03
33780.9,7.45,269.2,592.8,232.5,7.53,28.6,91.6,21.1,89.36
37790.1,8.35,218.0,458.3,160.8,7.74,18.4,72.3,6.6,91.55
48624.8,7.65,247.3,576.3,207.4,7.47,37.9,107.0,28.1,84.69
34238.2,7.74,189.0,428.4,271.5,7.57,15.8,58.4,14.5,91.65
48874.7,7.87,208.2,446.6,259.8,7.53,35.5,105.2,45.1,82.94
42246.5,7.71,207.6,477.6,220.8,7.43,17.7,68.5,23.7,91.47
34625.2,8.21,175.2,376.7,171.3,7.76,11.5,44.4,8.1,93.42
41794.4,7.51,209.4,444.3,252.3,7.54,21.3,67.7,26.0,89.83
43835.3,7.76,127.1,269.9,221.0,7.61,12.9,44.0,20.2,89.86
41730.9,7.48,190.5,385.4,104.0,7.58,15.2,55.7,7.8,92.03
28578.7,7.3,202.9,456.0,259.1,7.39,16.8,61.0,11.8,91.71
33637.2,7.52,204.6,412.7,218.8,7.4,14.7,53.4,9.2,92.81
36514.9,7.69,205.5,426.9,280.1,7.55,21.5,62.5,22.9,89.53
37553.4,7.57,216.3,431.0,165.2,7.5,19.4,59.5,10.0,91.04
41724.0,7.49,248.8,545.1,80.0,7.44,22.9,72.2,5.5,90.81
39066.2,7.28,272.5,595.3,234.0,7.43,39.5,111.7,29.1,85.51
29987.9,7.68,181.0,392.3,234.6,7.51,12.0,50.5,7.5,93.38
40281.2,7.25,147.8,309.8,135.5,7.3,9.6,37.2,7.2,93.47
41663.5,7.93,157.5,328.0,171.1,7.6,8.5,41.9,5.9,94.57
41358.7,7.72,190.8,428.5,357.8,7.49,24.8,76.1,45.1,86.98
44484.7,7.26,198.9,426.6,204.7,7.45,21.4,68.2,18.2,89.24
43003.5,7.61,173.8,387.9,256.5,7.49,20.1,64.2,23.9,88.43
40755.1,7.47,142.2,300.3,187.5,7.57,6.7,28.2,3.7,95.28
37579.0,7.8,192.6,427.3,115.5,7.7,18.4,63.9,10.0,90.42
28034.2,8.1,230.9,538.0,211.5,7.73,14.0,64.2,9.4,93.92
40577.7,7.14,255.7,577.5,206.7,7.28,37.0,111.1,24.0,85.53
39246.1,7.73,186.6,402.7,200.0,7.68,23.7,68.2,20.8,87.28
39629.5,7.65,195.2,434.5,214.3,7.66,18.6,58.2,15.3,90.46
30339.5,7.9,164.4,357.7,233.2,7.62,7.8,33.7,9.3,95.23
31513.7,7.76,218.1,480.0,212.5,7.67,16.3,59.4,13.5,92.5
44318.9,7.47,169.1,366.5,156.8,7.45,17.8,57.8,10.6,89.5
37762.7,7.6,254.4,555.5,244.3,7.4,18.0,57.5,10.9,92.91
42089.0,7.46,112.8,250.7,122.5,7.44,8.6,30.1,5.4,92.34
38169.9,8.02,198.4,416.8,117.5,7.78,13.6,51.7,6.0,93.13
38178.5,7.71,238.1,499.6,257.0,7.46,29.8,78.2,30.0,87.5
43629.7,8.27,231.0,476.2,245.4,7.73,28.8,79.4,23.6,87.53
34903.7,7.68,381.6,778.4,217.1,7.56,54.5,120.0,26.1,85.71
38576.7,7.49,241.0,500.8,150.2,7.46,24.0,73.8,9.4,90.05
35226.3,7.25,159.8,354.0,184.6,7.39,6.5,31.6,4.7,95.93
35393.0,7.16,214.3,452.3,206.9,7.4,14.0,52.8,8.6,93.45
36145.0,7.22,113.4,255.4,140.2,7.38,4.7,20.0,4.6,95.86
39332.8,7.78,215.2,474.1,183.0,7.48,28.1,87.7,20.0,86.95
35127.5,7.85,170.0,340.6,252.6,7.62,14.3,50.8,13.2,91.6
45534.5,7.23,274.9,622.8,291.4,7.49,33.0,116.9,35.0,88.01
32632.4,7.97,187.0,426.6,199.0,7.7,11.8,42.4,10.0,93.67
36878.8,7.56,213.0,447.4,257.8,7.46,17.8,62.0,17.2,91.65
35361.6,7.74,181.9,407.7,124.3,7.49,6.4,36.0,3.4,96.46
46681.9,8.18,324.3,685.7,253.0,7.69,55.7,120.0,37.7,82.83
39179.3,7.97,200.7,443.6,179.8,7.75,20.0,67.5,13.3,90.06
44191.1,7.62,330.0,684.2,235.4,7.58,60.0,120.0,42.8,81.82
29086.6,7.43,268.8,543.3,207.6,7.53,18.1,64.4,9.1,93.28
39602.3,7.05,248.9,538.1,286.0,7.43,33.6,98.4,33.8,86.48
43337.8,7.48,242.1,529.7,176.3,7.52,28.3,85.4,17.7,88.31
38493.7,7.64,243.6,526.3,251.4,7.55,32.6,94.8,31.3,86.63
44392.9,7.4,104.3,217.2,206.0,7.52,9.1,31.1,13.0,91.28
34896.3,7.66,203.3,439.1,212.1,7.51,17.2,60.0,11.5,91.54
46456.1,7.72,270.7,602.9,210.8,7.47,40.6,120.0,25.8,85.0
51793.4,7.63,217.1,476.6,177.7,7.59,35.7,101.1,26.7,83.55
35823.0,7.5,135.7,301.0,219.3,7.59,6.4,28.7,6.6,95.32
35327.0,7.75,216.9,462.6,216.9,7.5,21.3,73.0,16.4,90.2
46720.3,7.83,322.2,746.7,232.1,7.66,60.0,120.0,44.6,81.38
47477.4,7.37,294.8,613.9,224.2,7.58,48.4,120.0,36.5,83.58
34862.8,8.12,216.3,486.4,259.9,7.69,19.8,68.1,20.3,90.85
35478.9,7.67,277.1,642.3,266.2,7.49,31.4,106.8,23.2,88.68
36309.3,7.71,198.0,445.1,167.5,7.57,11.0,41.2,7.0,94.43
29933.3,7.91,117.8,256.7,263.4,7.59,5.3,22.9,9.4,95.53
32488.1,7.77,164.5,353.3,160.7,7.54,8.0,37.7,6.4,95.14
31975.2,7.99,313.8,722.8,249.4,7.68,39.4,120.0,27.6,87.44
33393.2,7.79,203.6,418.9,251.0,7.47,13.9,49.2,12.8,93.18
37791.9,7.52,205.4,431.9,124.4,7.4,15.8,56.2,5.1,92.29
39405.3,7.81,202.0,436.4,224.6,7.59,21.0,64.9,17.0,89.6
47303.0,7.36,334.2,776.7,196.6,7.46,60.0,120.0,33.4,82.05
32009.9,7.73,317.6,710.7,182.1,7.59,24.5,90.4,8.4,92.3
43905.9,7.69,353.1,742.7,287.5,7.69,60.0,120.0,50.0,83.01
36716.1,7.64,210.5,456.5,187.3,7.55,19.9,65.2,16.1,90.55
37703.2,7.66,237.7,508.4,179.7,7.59,21.8,71.6,14.4,90.85
42048.9,7.14,129.0,274.6,223.8,7.32,13.3,42.1,15.5,89.71
31263.7,7.54,308.6,709.2,254.3,7.56,40.9,120.0,28.8,86.76
40294.5,7.73,149.9,309.3,212.9,7.53,17.1,50.1,23.6,88.59
38998.7,7.75,233.0,550.1,278.3,7.58,26.2,95.6,25.2,88.77
40954.7,7.39,154.2,351.9,246.5,7.46,16.1,58.2,20.9,89.58
39735.0,8.08,184.7,426.4,111.1,7.75,6.3,31.7,2.9,96.56
52731.8,7.44,169.8,365.6,193.5,7.39,26.6,75.4,26.3,84.33
34173.6,7.99,183.5,401.0,191.9,7.49,16.2,49.5,13.2,91.19
34814.0,7.83,187.7,385.9,244.0,7.58,16.1,52.8,14.7,91.44
34261.2,7.51,187.1,401.8,88.8,7.53,8.6,49.6,2.7,95.42
34667.1,8.23,270.0,607.3,347.5,7.73,34.8,106.8,39.2,87.12
34175.7,7.34,153.7,358.1,246.6,7.54,8.8,38.0,7.3,94.29
45134.1,7.98,233.2,487.3,227.4,7.67,34.1,98.1,30.8,85.37
46523.0,8.0,293.1,634.1,279.1,7.61,55.7,120.0,48.6,80.99
34575.5,7.5,189.2,413.4,337.2,7.34,23.8,66.6,31.7,87.43
33005.9,8.12,176.9,364.5,263.5,7.67,18.7,52.4,24.9,89.44
40828.5,7.62,206.2,465.8,267.4,7.61,25.1,76.4,27.8,87.82
34686.7,7.79,290.8,618.7,226.5,7.56,33.2,83.1,20.8,88.57
41797.6,7.78,231.6,505.1,212.9,7.59,30.1,90.9,18.4,87.0
39217.5,7.66,188.1,405.4,196.2,7.58,13.1,58.1,8.9,93.02
28905.5,7.94,249.0,528.2,178.7,7.56,12.6,52.0,3.3,94.95
47285.0,7.94,153.9,338.4,185.6,7.68,18.8,51.0,16.9,87.75
48775.3,7.18,260.9,568.3,152.5,7.52,45.7,120.0,25.0,82.49
34323.3,8.09,244.5,528.8,216.2,7.67,24.6,77.8,17.2,89.93
35673.8,7.2,201.5,428.7,135.8,7.33,16.6,52.5,8.9,91.78
39715.2,8.01,169.7,378.7,229.5,7.65,17.8,61.0,18.1,89.5
40006.7,8.04,166.8,394.5,218.2,7.51,16.4,61.8,17.0,90.16
41951.3,7.37,252.1,558.1,227.3,7.49,34.6,98.6,25.6,86.29
50061.2,7.58,293.7,675.5,193.9,7.55,51.2,120.0,31.2,82.58
36938.3,7.37,181.8,374.6,373.8,7.58,21.5,69.3,36.7,88.19
33210.2,7.64,247.5,548.4,288.0,7.53,24.3,91.1,25.8,90.17
29724.1,7.61,94.8,198.1,157.8,7.56,3.0,17.8,3.5,96.83
33614.4,7.93,184.9,379.5,231.6,7.57,15.6,47.7,12.3,91.57
37801.2,8.09,218.1,463.8,189.6,7.65,15.6,71.4,10.5,92.85
48767.3,8.12,165.4,383.6,169.3,7.58,21.6,68.6,18.2,86.95
34894.3,7.53,163.8,375.9,153.0,7.5,13.7,47.1,6.9,91.64
39342.7,7.64,179.9,400.2,241.6,7.52,15.8,56.1,20.7,91.21
37901.5,7.19,237.5,486.2,185.9,7.43,26.5,76.6,18.5,88.84
45130.4,7.46,208.8,455.2,268.4,7.44,26.1,82.6,24.2,87.5
53161.6,7.99,85.7,191.1,269.7,7.65,14.0,35.9,37.9,83.65
34814.8,8.18,92.8,205.7,288.7,7.68,3.2,16.5,5.4,96.58
35063.4,7.33,183.6,370.0,177.4,7.43,10.4,46.0,8.8,94.33
44265.0,7.52,247.5,522.4,243.8,7.51,39.9,109.8,33.5,83.88
42091.3,7.69,80.0,175.5,251.6,7.56,7.9,27.9,18.6,90.13
49080.2,7.78,190.0,428.2,196.3,7.64,20.0,69.8,19.8,89.48
41503.6,7.46,188.4,373.2,181.4,7.48,19.8,64.0,16.0,89.5
35844.2,7.83,303.3,662.3,300.5,7.57,44.6,117.5,37.9,85.29
41543.9,7.56,196.9,436.0,231.4,7.5,27.8,86.6,28.5,85.87
44652.2,7.7,243.0,555.2,251.8,7.51,35.4,106.9,34.8,85.45
42922.9,7.86,228.5,518.5,178.9,7.58,28.0,88.8,15.7,87.76
41043.6,7.7,92.2,208.1,159.0,7.7,6.3,23.5,3.5,93.13
44400.0,7.57,266.1,564.1,191.5,7.46,41.5,109.9,27.2,84.39
45015.8,7.67,232.9,468.0,213.8,7.53,36.4,90.3,29.7,84.37
46293.0,7.67,250.5,541.2,166.8,7.52,32.1,85.5,18.3,87.2
41892.3,7.59,450.0,1035.1,219.5,7.51,60.0,120.0,36.5,86.67
36997.3,7.62,95.0,222.1,135.6,7.51,5.7,28.9,5.8,93.96
38880.3,8.18,323.5,734.6,164.0,7.72,36.0,119.2,15.3,88.88
45239.1,7.87,202.8,454.8,253.5,7.49,26.2,74.3,23.3,87.09
33098.4,7.61,237.2,530.9,250.2,7.61,16.8,63.8,10.9,92.93
40212.0,7.91,217.3,465.9,200.4,7.67,23.6,65.7,14.9,89.16
35640.0,7.6,194.5,425.5,169.1,7.44,21.7,64.1,14.6,88.85
38172.5,8.05,185.8,439.8,168.6,7.51,15.7,59.4,11.8,91.55
45670.7,7.81,239.8,504.9,201.3,7.52,28.5,79.9,20.4,88.13
39146.6,7.67,129.0,304.6,252.2,7.53,11.8,46.5,15.9,90.84
38278.6,7.83,265.0,574.5,266.4,7.78,34.4,101.9,31.6,87.0
29840.9,7.23,195.0,454.9,195.2,7.46,10.4,49.5,5.4,94.66
42477.5,7.36,152.2,313.4,162.3,7.33,19.7,54.1,14.3,87.09
41872.9,7.34,193.0,435.9,233.4,7.4,15.8,62.4,12.2,91.8
50979.5,7.74,295.4,628.2,178.8,7.57,54.6,120.0,26.8,81.54
36153.3,8.22,187.9,386.7,194.1,7.73,12.1,46.8,9.2,93.57
39314.9,8.37,241.5,536.6,286.3,7.67,30.7,95.9,27.3,87.27
39496.3,7.89,176.1,405.3,261.4,7.61,13.6,51.3,16.7,92.26
47464.7,7.85,265.5,561.6,227.9,7.55,40.3,115.5,28.0,84.8
37428.2,7.16,261.1,535.3,156.4,7.32,27.9,80.8,11.8,89.33
39674.1,7.54,330.9,725.0,230.6,7.53,52.0,120.0,31.4,84.29
41647.4,7.46,209.5,459.0,273.1,7.54,22.1,73.1,20.5,89.44
39119.7,7.51,260.1,586.5,201.2,7.56,38.5,110.1,25.6,85.19
35321.4,7.65,225.9,518.4,287.6,7.59,21.6,68.3,20.7,90.42
39164.5,7.56,297.8,653.3,284.6,7.48,46.9,120.0,38.8,84.25
44441.8,7.11,176.9,421.9,303.2,7.43,19.1,73.5,30.3,89.23
31840.9,7.92,264.7,588.3,235.3,7.65,23.3,89.2,15.1,91.19
38797.8,7.38,208.3,451.1,249.4,7.47,19.9,58.4,23.7,90.45
33799.3,7.77,216.1,440.7,290.7,7.54,19.4,67.8,17.6,91.04
45170.3,8.32,225.5,490.2,242.4,7.71,35.4,101.0,34.2,84.29
28860.9,7.42,235.1,509.4,194.9,7.48,17.2,67.8,11.4,92.69
34646.5,6.94,213.0,489.1,197.6,7.5,14.9,52.9,11.1,92.99
40263.3,7.61,232.9,523.1,231.9,7.56,25.8,85.8,21.9,88.93
47393.1,8.03,314.7,655.2,155.5,7.62,44.9,120.0,17.5,85.74
37605.5,8.29,279.1,618.9,212.8,7.68,30.4,90.5,18.1,89.11
34668.8,7.33,272.1,617.0,274.8,7.41,34.1,112.5,31.1,87.47
49286.9,7.85,192.7,453.3,110.4,7.76,25.9,88.9,14.3,86.55
29311.9,7.56,166.6,381.4,296.7,7.49,9.6,40.1,8.4,94.25
24807.2,7.67,277.3,631.2,276.1,7.61,29.9,107.2,26.3,89.22
40640.1,8.49,272.6,601.3,197.0,7.77,27.6,89.5,15.7,89.86
34987.7,7.25,308.4,690.4,247.2,7.44,35.6,119.5,22.5,88.46
31872.6,7.78,183.8,427.2,220.2,7.64,8.8,29.7,4.9,95.21
42250.1,7.84,206.2,426.2,281.5,7.56,30.0,96.4,33.0,85.44
39462.8,8.03,121.6,263.3,269.1,7.61,7.4,34.0,13.6,93.93
34615.5,7.73,196.5,417.0,150.0,7.68,5.9,33.4,5.2,96.99
30318.2,7.79,279.8,626.2,249.4,7.66,31.2,90.8,23.9,88.83
43234.7,7.58,192.0,446.0,209.7,7.58,19.5,69.7,12.3,89.82
41901.2,7.78,258.4,553.1,224.1,7.64,34.2,91.3,20.4,86.78
37404.9,7.6,208.6,409.0,183.6,7.56,23.6,68.0,13.2,88.66
49079.8,7.89,239.4,516.9,307.4,7.76,37.2,109.3,43.9,84.45
31579.5,7.59,151.1,346.3,272.0,7.53,7.5,29.9,12.6,95.03
28846.8,7.81,225.1,507.4,183.0,7.63,14.1,64.7,12.5,93.74
33848.6,7.69,80.0,179.4,153.3,7.46,3.0,14.2,3.5,96.25
37726.5,8.04,208.8,453.5,200.7,7.6,24.3,80.5,19.5,88.38
39460.0,7.68,122.2,253.2,241.7,7.47,12.5,38.4,17.2,89.78
36552.6,7.17,292.4,658.3,232.0,7.49,33.8,101.5,20.4,88.43
40112.3,8.08,266.6,564.4,282.7,7.49,36.3,108.1,32.1,86.38
30490.8,7.43,248.0,599.8,259.5,7.45,22.9,84.5,22.2,90.78
46662.6,7.5,311.3,702.5,268.5,7.29,50.1,120.0,40.9,83.89
37507.1,7.52,163.1,349.3,236.3,7.45,11.5,47.6,11.7,92.94
44703.8,8.11,324.8,694.8,150.5,7.65,44.2,120.0,16.8,86.38
40056.4,7.06,275.9,604.5,210.2,7.46,35.2,105.9,20.7,87.23
40740.5,8.64,205.8,447.8,273.0,7.87,22.7,79.2,26.5,88.95
41418.6,8.02,288.1,666.1,217.4,7.6,42.6,120.0,25.6,85.21
40686.3,7.77,153.6,340.8,245.2,7.65,9.6,36.7,9.4,93.74
41856.3,7.68,170.5,362.7,204.1,7.56,19.2,55.9,18.9,88.75
45974.9,7.79,183.5,438.4,168.5,7.59,15.0,64.6,11.0,91.81
39179.1,7.86,188.3,415.1,213.8,7.52,17.7,56.3,13.7,90.59
42254.0,7.89,156.6,356.6,235.5,7.55,18.6,62.9,24.2,88.14
37461.6,7.87,293.4,627.6,187.2,7.55,28.4,89.1,11.5,90.32
46640.7,7.73,204.5,457.3,208.2,7.57,26.2,77.3,21.2,87.16
33941.6,7.64,241.2,538.0,173.0,7.55,16.6,69.7,9.8,93.13
48805.6,7.65,185.8,373.6,276.0,7.65,23.0,64.0,28.3,87.6
37759.1,7.64,110.8,266.0,205.3,7.57,6.1,27.4,7.4,94.51
29415.3,8.04,236.2,550.1,292.6,7.47,21.7,84.8,22.9,90.81
38768.6,7.88,105.3,227.4,296.4,7.63,6.1,28.8,15.5,94.25
33913.7,6.82,215.9,451.1,215.9,7.19,17.4,63.5,11.6,91.92
43043.9,7.9,137.9,308.2,169.6,7.55,11.3,35.9,8.9,91.78
34084.3,7.76,339.2,749.3,115.7,7.52,47.8,120.0,13.3,85.92
35322.9,7.69,274.7,614.1,146.4,7.51,25.0,86.4,7.3,90.9
26662.8,7.58,226.3,502.3,151.3,7.43,12.1,52.7,6.0,94.65
35286.2,8.04,295.8,665.8,288.9,7.68,29.8,93.7,18.7,89.93
23456.7,7.98,169.2,396.8,225.8,7.55,3.9,30.6,4.2,97.7
28496.6,7.47,252.6,570.1,239.5,7.52,18.7,70.0,15.1,92.61
42562.5,7.82,232.0,486.0,109.0,7.75,21.7,63.3,10.6,90.63
42714.8,7.41,235.8,551.0,160.1,7.38,30.1,93.9,17.2,87.25
40552.7,7.29,296.3,700.6,264.4,7.42,35.9,116.1,27.6,87.9
32198.1,7.51,263.9,659.9,234.3,7.33,16.5,73.9,8.6,93.76
37713.7,7.96,237.3,495.4,212.6,7.62,22.8,83.3,16.2,90.39
37978.4,7.99,120.7,268.5,248.2,7.69,5.1,26.6,10.3,95.77
31049.8,7.85,162.4,323.5,301.8,7.66,11.7,38.9,17.4,92.82
47020.4,7.92,212.6,479.6,208.9,7.63,30.2,94.0,27.8,85.8
43264.2,7.85,225.6,484.0,223.5,7.67,29.0,81.8,27.1,87.16
36674.2,7.51,152.2,364.1,229.6,7.68,10.2,45.3,13.3,93.32
38161.3,7.83,364.7,774.1,339.6,7.72,60.0,120.0,50.0,83.55
39250.3,7.94,311.0,631.6,115.0,7.6,34.7,110.7,8.7,88.84
25749.6,7.93,256.1,551.4,254.2,7.53,16.3,62.4,10.5,93.63
36516.9,8.06,224.3,449.2,214.3,7.64,25.0,78.8,17.4,88.86
33908.1,7.91,207.3,471.6,248.3,7.56,16.2,61.6,17.3,92.2
31990.3,7.81,162.9,324.7,187.1,7.62,5.8,26.2,3.1,96.42
36313.4,8.02,224.6,494.9,217.6,7.57,20.4,81.1,12.9,90.91
48786.1,7.69,235.5,469.1,255.6,7.55,33.0,91.1,35.6,85.99
41845.1,7.44,145.5,315.4,375.6,7.54,19.3,57.1,46.2,86.75
34572.9,7.65,240.1,567.6,260.4,7.54,22.0,89.2,17.8,90.82
41435.5,7.48,210.7,471.1,177.6,7.43,25.9,91.6,16.8,87.71
